obj,time,org
E,0,E
B,0.683704975061119,N
A,1.41465035709552,N
A,8.77273705834523,N
E,10.6062181305126,E
B,12.0953119152691,N
A,14.2456392566673,N
B,17.4496806648094,N
