obj,time,org
E,0,E
A,0.684515619883314,N
B,1.39363247668371,N
B,6.11688437825069,N
A,8.36516151321121,N
B,12.575779345585,N
E,16.3960469009403,E
A,17.4041450773366,N
