obj,time
E,0
A,3.27812214773505
B,6.07097456842573
A,6.32070709574464
B,9.05132868608895
B,12.211750807423
A,17.4898781794691
