obj,time,org
E,0,E
B,1.42393059842288,N
E,4.02846978703255,E
A,5.94043400278315,N
E,7.45768201769389,E
E,8.24415223948349,A
B,8.90090652229264,N
A,12.2435395997018,N
E,13.1410318450641,A
B,13.9292398937978,N
A,16.9396871777717,N
E,18.9145318150847,A
