obj,time,org
E,0,E
A,1.07613468077034,N
A,1.53205473441631,N
B,5.70020153652877,N
B,7.25993088446558,N
B,10.311786099337,N
E,15.8045498801484,E
A,19.4810668518767,N
