obj,time
E,0
B,0.844987068325281
A,1.6567962653935
E,2.16794975660741
A,6.46511814952828
B,8.82340502506122
E,11.1512781633064
E,12.3263199299108
B,12.8842016248964
A,17.9678844970185
