obj,time
E,0
B,2.90686548035592
E,9.13591634784825
A,10.4484684520867
A,12.0336841563694
A,14.8403974233661
B,16.0205411158968
E,17.5091170500964
B,18.804717742838
