obj,time
E,0
A,2.04150247550569
A,2.62167099956423
A,3.92345823231153
B,5.7361340734642
E,6.70836415071972
B,11.4310309363063
E,12.0009592582937
B,12.5366169197951
E,18.5125671476126
