obj,time
E,0
A,2.5184459828306
B,3.69066479243338
B,4.34703809255734
A,5.06038168305531
E,6.79221013025381
A,11.7351848895196
E,16.2329721958376
B,18.6066923956387
