obj,time,org
E,0,E
B,0.770220738137141,N
B,3.00161739252508,N
A,6.53769522067159,N
A,7.4167089513503,N
E,9.97042558678799,E
B,10.9982388680801,N
E,14.9939205228412,E
A,16.3367492652033,N
