obj,time
E,0
B,4.4111136682968
E,5.22430281215412
B,9.04019485914456
A,9.97128153482376
E,10.585061993174
B,11.4819823729496
A,14.383954123944
E,14.6689514214273
A,17.8345958574061
