obj,time
E,0
B,4.4111136682968
E,5.22430281215412
E,6.40382666541701
B,9.04019485914456
A,9.97128153482376
B,11.4819823729496
E,12.715911275758
A,14.383954123944
A,17.8345958574061
