obj,time,org
E,0,E
B,0.879312306642532,N
B,2.89139728993177,N
B,6.69957200065255,N
A,11.9918970996514,N
A,12.9661448812112,N
A,18.7606075778604,N
