obj,time
E,0
B,0.967776381410658
E,3.81818146095611
A,4.70092574506998
B,5.19793906761333
A,5.70706906775013
A,9.62504462362267
E,10.8327041929588
B,11.5138997554313
