obj,time
E,0
A,4.79642240097746
B,5.54428139771335
A,9.73036394291557
B,10.6028484010603
B,11.7830761985388
E,12.9152142626699
A,13.5403329043183
