obj,time
E,0
E,1.94352295412682
B,2.79549602395855
A,4.11838540132158
A,6.80626032361761
A,11.8264307242353
B,12.8096162052825
E,17.5347455202136
E,18.0374587534461
B,18.8917850763537
