obj,time
E,0
A,1.7826742765028
E,3.35412870021537
A,9.94323273841292
B,10.3978584900033
B,12.3909860663116
A,13.5943992957473
B,16.4889487628825
