obj,time
E,0
B,1.80231087957509
A,5.05835372395813
E,7.10937941703014
A,10.8413962703198
A,11.5301647949964
E,13.4296845509671
E,15.0730035204906
B,16.9756419190671
B,18.8330889712088
