obj,time
E,0
A,1.37461675144732
A,3.68930952250957
B,5.16184637951665
B,10.8792205373757
E,12.3472247340251
B,16.40418594121
A,17.6604846378323
