obj,time
E,0
A,4.12092525837943
A,6.39027952146716
E,8.23682992206886
B,9.55984247522429
B,10.3218758055009
A,17.0937180637848
B,17.8677361633163
