obj,time
E,0
A,1.48377514257383
E,5.72791235855186
B,6.21280390005685
E,8.42577336676066
B,9.01651100935996
E,10.6743471465695
A,10.7192363060511
B,12.1916692163852
A,13.2618254855032
