obj,time,org
E,0,E
A,0.558176776394248,N
B,2.9079177742824,N
A,7.50181763898581,N
B,10.6522884173319,N
B,13.8228657888249,N
A,17.3074579471722,N
E,19.9530517141317,E
