obj,time,org,seed
E,0,E,1195
A,1.94906221736403,N,1195
B,2.58979639669256,N,1195
E,5.37980895071297,E,1195
A,6.0655382883624,N,1195
A,8.28435843293213,N,1195
E,10.02444990178,E,1195
B,10.612642860028,N,1195
B,11.5284599510222,N,1195
E,14.1637444454103,E,1195
E,19.7730460390803,E,1195
