obj,time,org
E,0,E
A,0.587587808491662,N
B,3.87047395552509,N
E,7.87863348604085,E
A,8.66589997475967,N
B,11.9649886488914,N
B,16.0293047479354,N
A,16.9104275477584,N
