obj,time
E,0
E,3.57343255938031
B,5.21294109965675
A,6.006486260565
B,7.64672937430441
E,8.25010179076344
B,8.78378653386608
A,10.7711971192621
A,14.964189523831
E,16.7699379210826
