obj,time
E,0
E,3.50880204769783
A,4.29609987698495
E,7.71273299702443
A,9.56566894147545
B,12.9235865713563
A,13.9973016590811
B,14.5333515065722
B,15.4713977046777
