obj,time,org
E,0,E
A,1.66946213692427,N
E,3.3851178898939,A
B,5.23971457500011,N
E,7.18781136758952,E
B,9.70705577638,N
B,11.6571378847584,N
A,14.6205023210496,N
E,15.602294082593,E
E,16.068589476669,A
A,17.3436557408422,N
E,19.5741291576661,A
