obj,time
E,0
A,1.44902435799511
A,4.59345094898256
B,6.07414221443044
A,8.10466188587542
B,9.04008623880839
E,14.5937710245278
B,18.7427346363509
