obj,time,org
E,0,E
A,1.45539622288197,N
E,3.30678696981776,A
E,3.99904871888377,E
A,8.20612637791783,N
E,8.92003325454631,A
B,10.9679633146152,N
E,12.5592494686784,B
A,14.3427682900801,N
E,15.6323244768467,A
B,16.7635131720454,N
E,17.7068475325737,E
E,18.3757700647811,B
E,18.9182610624225,E
B,19.4592362595722,N
