obj,time,org
E,0,E
A,0.672674207715318,N
A,3.66951310145669,N
A,7.7622272237204,N
B,11.222501079319,N
E,15.0156650938758,E
B,16.1624864898622,N
B,17.2567931690719,N
