obj,time,org
E,0,E
A,2.04245940595865,N
E,4.81423964050101,E
A,5.73731148079969,N
A,7.64576683891937,N
B,14.095473614987,N
B,14.7516427310184,N
E,15.3162155092863,B
E,15.8029285329111,E
E,16.3160488074222,B
B,18.0780632703099,N
E,19.5408419642734,B
