obj,time,org
E,0,E
E,1.08518205116502,E
B,1.83688157424331,N
B,2.5433588353917,N
E,3.07002974161555,B
E,3.64026950106052,E
E,4.33625046272131,B
A,6.51265601161867,N
E,8.52183327530965,E
E,10.2537299985885,E
A,11.8982060910203,N
A,15.4889425267465,N
E,16.4955850509637,E
B,17.891133684665,N
E,18.9655227961333,B
E,19.6554503908109,E
