obj,time,org
E,0,E
B,1.83688157424331,N
B,2.5433588353917,N
A,6.51265601161867,N
E,10.8046202152995,E
A,11.8982060910203,N
A,15.4889425267465,N
B,17.891133684665,N
