obj,time
E,0
A,4.00123764481395
B,5.36448593065143
B,7.64987422781996
B,10.7402686306741
A,11.3913181035314
A,12.6499405819923
E,14.2694835180882
