obj,time
E,0
B,0.825594193534926
A,2.16240176744759
E,7.937689994229
B,8.60869003040716
A,9.18750144867226
A,14.2994302101433
B,16.1175275247078
E,17.3212685741019
