obj,time
E,0
B,1.82916322001256
B,5.62198227480985
B,7.95342970080674
E,8.53650077455677
A,9.92233974137343
A,15.6644776128232
A,16.4797206381336
E,18.4928708588704
