obj,time
E,0
A,5.62904999242164
E,7.6445039154496
B,8.52237219619565
A,9.98655624897219
B,16.0658888739999
A,17.248987263767
B,18.2378171149176
