obj,time,org
E,0,E
A,2.87127059604973,N
E,5.0390236153038,E
A,7.27890534792095,N
B,9.59505273820832,N
B,14.5510356556624,N
A,17.4507687117439,N
B,18.3642153937835,N
