obj,time,org
E,0,E
B,4.08380007278174,N
E,4.66168933497532,E
E,5.77985131451428,B
A,6.91636164975353,N
A,9.45960928895511,N
B,11.7073636390269,N
E,12.9020116596106,B
A,15.6428835745901,N
B,18.3055324095767,N
E,19.8324497410211,B
