obj,time,org
E,0,E
B,1.26507181324996,N
B,1.75285460893065,N
B,4.94807482720353,N
E,5.43551644573648,E
A,9.61576969968155,N
A,13.4728346138727,N
A,16.893383984454,N
