obj,time,org
E,0,E
E,5.603556,E
E,16.801996,E
E,21.02425,E
E,22.359911,E
E,25.683919,E
E,26.703717,E