obj,time,org
E,0,E
A,2.772784,N
E,3.769044,B
E,4.559107,E
A,6.565542,N
E,8.826321,B
E,9.358511,E
A,11.078088,N
E,12.30697,A
E,15.188192,E
A,17.297149,N
E,18.376911,A
E,19.558342,E