obj,time,org
E,0,E
E,6.876077,E
A,8.596248,N
E,10.389125,E
E,12.182999,E
A,12.877074,N
A,16.205193,N
E,19.536083,E
A,23.263884,N