obj,time,org
E,0,E
E,4.765785,E
A,8.596248,N
E,10.123235,E
A,12.877074,N
E,15.108361,E
A,16.205193,N
E,19.18244,E
A,23.263884,N