obj,time,org
E,0,E
A,3.850083,N
E,8.145244,E
A,11.49685,N
A,13.57551,N
E,17.412453,E
E,18.365184,E
A,19.919253,N