obj,time,org
E,0,E
A,3.850083,N
E,9.696661,E
A,11.49685,N
A,13.57551,N
E,18.692764,E
A,19.919253,N
E,23.840348,E