obj,time,org
E,0,E
A,1.30673356819898,N
E,2.4793079966515,A
A,3.34111726377159,N
E,4.518095452644,A
E,5.14352774962146,E
B,7.82647431828082,N
B,12.8734789928421,N
A,16.2597373267636,N
E,17.8025013901131,A
B,19.1451217932627,N
