obj,time,org
E,0,E
B,2.35167932859622,N
A,3.94532526656985,N
A,9.70882083568722,N
B,12.8685595688876,N
A,16.6611956073903,N
B,17.1660404975992,N
