obj,time,org
E,0,E
B,0.895368267782032,N
B,1.40703650587238,N
E,2.00602476807813,B
E,3.35498550706124,B
E,4.17531930408329,E
B,5.20909380260855,N
E,6.37780737631803,B
A,7.26080741593614,N
E,8.69217743353157,A
E,9.50512696482195,E
A,11.8953202941921,N
E,13.4774351357056,A
E,14.6376413332276,E
A,17.458186899079,N
E,18.3261969843223,A
E,19.5187567605044,E
