obj,time
E,0
A,1.15694231283851
B,2.81817074352875
B,4.68339639296755
E,5.45167377684265
B,8.10145274992101
E,9.00309731182642
A,10.1813776320778
E,14.7075588740408
A,18.1475541561376
