obj,time
E,0
B,1.07315854495391
B,4.23048740951344
A,7.61995634785853
A,8.44882798450999
A,11.2347247018479
B,12.4492018017918
E,17.9013010712806
