obj,time
E,0
B,2.73796434677206
E,6.729803617578
A,10.4598656943999
A,11.4390128019731
A,13.7894818147179
B,15.4715573412832
E,16.5503403802868
B,17.9867572588846
