obj,time
E,0
B,1.45219163480215
E,4.39086739183404
A,5.2378046978265
E,7.51676060329191
B,8.67009465815499
E,13.505761988461
A,14.4022531448863
A,17.5418938789517
B,18.6966191248503
