obj,time
E,0
B,1.72130353492685
A,2.99793015234172
A,7.97086390620098
E,9.87492658128031
A,12.4092830242589
B,13.2802232063841
B,16.338175147539
