obj,time
E,0
B,10.0560490370262
A,10.6316302448977
B,12.2829172026832
A,13.6591193713248
B,17.0064966587815
E,18.1603807844222
A,18.7198214733507
