obj,time
E,0
A,2.56976349791512
A,3.33119239797816
A,4.36666311416775
B,6.4344652404543
E,8.27318015391938
B,9.60004981607199
B,14.9382617981173
E,16.8618888447527
E,18.5682439683005
