obj,time
E,0
B,1.36785509930828
E,4.3288786915226
B,5.161691881434
A,6.84758989650207
A,8.97499219903206
B,11.7752680349111
A,16.6495164492363
