obj,time,org
E,0,E
B,0.515287453308702,N
E,1.35557146416059,E
A,7.09786963649094,N
E,8.72358377314714,A
A,10.3813243331388,N
B,10.9450219012797,N
E,11.4664888166857,A
B,13.6687135277316,N
A,18.8770261034369,N
E,19.6966266441599,E
