obj,time,org
E,0,E
A,2.18183873849921,N
B,7.31927770469338,N
B,11.0969236996025,N
E,15.1462264321602,E
B,15.6537433804478,N
A,16.3956574774347,N
A,18.1164211251307,N
