obj,time
E,0
A,2.55522518884391
A,3.73222079407424
B,4.92668917565607
E,7.30950851156376
B,9.99467753013596
A,11.1896690637805
E,13.3571047238074
B,14.3598738021683
