obj,time
E,0
B,1.9094867229556
B,3.81603349767622
B,8.39484419623274
A,9.70987412530758
A,15.5634644284774
E,16.758838131474
A,19.7375618012978
