obj,time
E,0
B,1.9094867229556
B,3.81603349767622
E,6.33773519870608
B,8.39484419623274
A,9.70987412530758
A,15.5634644284774
A,19.7375618012978
