obj,time
E,0
A,4.64807480908995
E,5.24171673419793
E,5.79262202973244
B,7.38460878897263
B,8.82179087002161
A,9.97810816773867
B,13.6135063097669
A,15.4476402493929
E,17.2400571302845
