obj,time
E,0
B,7.46424979064614
A,9.365085542202
B,11.5502346721478
E,13.9163465150632
A,14.7747094419319
A,16.7367415495683
B,17.5003460745793
