obj,time
E,0
B,2.98043827409856
B,4.4322792799212
A,5.42156789940782
E,6.71684503229335
E,10.2994052523281
B,13.6308563575149
E,14.8927005659789
A,17.6285003030207
A,18.5354481525719
