obj,time
E,0
A,2.99425260024145
B,3.7945237592794
A,8.45739877945744
E,10.0286407908425
B,11.0249438788742
B,12.4673419543542
E,13.8057336669881
A,18.0895902444609
