obj,time
E,0
A,1.31370818451978
A,2.16117204888724
E,3.04544160887599
E,8.62731425091624
E,13.5905223328155
B,15.6636228540447
A,16.2199695275631
B,16.7354255318642
B,17.4377863574773
