obj,time,org
E,0,E
A,2.35674440441653,N
B,6.20312477415428,N
E,9.46078481712168,E
A,11.9024989956524,N
A,14.9354766246397,N
B,15.4375690729357,N
B,18.7608557341155,N
E,19.5398178610484,E
