obj,time,org
E,0,E
A,1.11683951225132,N
B,3.15095142927021,N
E,5.39698433867104,E
B,8.57759226113558,N
E,10.5237574624593,E
A,14.1219007782638,N
A,19.3819108605385,N
B,19.8533966299146,N
