obj,time,org
E,0,E
E,4.26809176250276,E
B,5.16687640128657,N
A,7.15017007337883,N
B,10.0925617455505,N
B,12.6488244219217,N
A,15.3323417329229,N
A,16.7951775805559,N
