obj,time,org
E,0,E
B,0.683704975061119,N
A,1.41465035709552,N
E,5.12748913400553,E
A,8.77273705834523,N
B,12.0953119152691,N
E,13.7580877611446,B
A,14.2456392566673,N
B,17.4496806648094,N
E,18.084319039061,B
E,19.6324335387913,E
