obj,time,org
E,0,E
B,1.54967918992043,N
A,2.11015309207141,N
B,8.12868312001228,N
E,10.5625198171481,E
A,11.7005663225427,N
A,12.2422136599198,N
B,16.903050863184,N
