obj,time,org
E,0,E
A,1.51632708101533,N
E,3.33719426200113,E
A,4.64788348134607,N
B,7.91311130975373,N
B,12.5687144813128,N
A,16.065889665857,N
B,18.1655600026716,N
