obj,time
E,0
A,3.05544268720324
B,5.08430927022671
E,6.84778952351469
B,7.08116287813896
E,8.2849060192157
A,9.52930109888988
A,14.619011814344
B,18.0111734914079
E,19.3892391714146
