obj,time
E,0
B,1.06696379440837
B,3.13267967826687
A,6.94171946402639
E,9.85766406287439
A,12.0466918677557
E,12.5795492087491
B,13.8388373248745
A,14.6713569627609
