obj,time
E,0
E,3.50331294792704
B,5.63031802535988
B,6.90181805426255
E,9.07059381948784
B,10.9783360993024
A,13.702457042411
A,16.0835159828421
E,17.2114875474945
A,18.2326800818555
