obj,time
E,0
E,4.57029217470908
A,5.19314873471799
B,5.56593938819138
A,8.07444670642168
B,8.5958514794151
A,11.4909788864351
E,12.6008464083143
B,14.2537549207903
E,19.5274770894928
