obj,time
E,0
B,1.09213688923046
A,6.25245942617767
B,8.42760943248868
A,8.94524395489134
A,10.8447528593242
E,12.1578295622021
B,14.5463831815869
