obj,time
E,0
B,2.65951670426875
B,3.34902520827018
E,4.61677306913771
E,7.82122278795578
B,10.2222366933711
A,11.0268782263156
A,13.1522642083
A,17.4033554808702
