obj,time
E,0
E,5.02037731235207
B,5.53236355671016
A,9.21698144810163
A,10.9217815328103
B,15.7764515115602
A,17.8601146653765
B,18.0358619865673
