obj,time,org
E,0,E
B,2.05908679310232,N
B,2.93874200759456,N
B,6.11423746566288,N
E,10.1005170785023,E
A,11.58228257671,N
A,14.6787186451256,N
A,18.5493925733026,N
