obj,time,org
E,0,E
B,2.05908679310232,N
B,2.93874200759456,N
E,3.4253101494885,B
E,4.26673748087969,B
B,6.11423746566288,N
E,7.54783031160873,B
E,8.70709719543344,E
A,11.58228257671,N
A,14.6787186451256,N
A,18.5493925733026,N
