obj,time,org
E,0,E
A,2.04245940595865,N
E,4.3609991593376,E
A,5.73731148079969,N
A,7.64576683891937,N
B,14.095473614987,N
B,14.7516427310184,N
B,18.0780632703099,N
