obj,time
E,0
B,1.38293008779104
E,5.02815301842368
B,6.72681365884438
A,7.15574378416216
B,8.05262191122726
A,14.3843803806452
E,15.4585237675546
A,16.8021073594588
E,17.3943183918491
E,18.5561675597521
