obj,time
E,0
B,1.53341425169879
E,3.41717909977849
A,4.14564610569114
A,9.0992873371432
B,10.7575994494092
B,12.3488337465856
E,13.1591450838747
E,15.0341567569385
A,17.2658604154114
