obj,time,org
E,0,E
A,0.872863568365574,N
B,4.25283724907786,N
A,6.09407755080611,N
A,10.1374570466578,N
E,15.2767592958395,E
B,15.827973941341,N
B,19.3918463820592,N
